"","data","stato","codice_regione","denominazione_regione","lat","long","ricoverati_con_sintomi","terapia_intensiva","totale_ospedalizzati","isolamento_domiciliare","totale_positivi","variazione_totale_positivi","nuovi_positivi","dimessi_guariti","deceduti","casi_da_sospetto_diagnostico","casi_da_screening","totale_casi","tamponi","casi_testati","note","ingressi_terapia_intensiva","note_test","note_casi"
"1","2020-02-24T18:00:00","ITA",13,"Abruzzo",42.35122196,13.39843823,0,0,0,0,0,0,0,0,0,NA,NA,0,5,NA,NA,NA,NA,NA
"2","2020-02-24T18:00:00","ITA",17,"Basilicata",40.63947052,15.80514834,0,0,0,0,0,0,0,0,0,NA,NA,0,0,NA,NA,NA,NA,NA
"3","2020-02-24T18:00:00","ITA",18,"Calabria",38.90597598,16.59440194,0,0,0,0,0,0,0,0,0,NA,NA,0,1,NA,NA,NA,NA,NA
"4","2020-02-24T18:00:00","ITA",15,"Campania",40.83956555,14.25084984,0,0,0,0,0,0,0,0,0,NA,NA,0,10,NA,NA,NA,NA,NA
"5","2020-02-24T18:00:00","ITA",8,"Emilia-Romagna",44.49436681,11.3417208,10,2,12,6,18,0,18,0,0,NA,NA,18,148,NA,NA,NA,NA,NA
"6","2020-02-24T18:00:00","ITA",6,"Friuli Venezia Giulia",45.6494354,13.76813649,0,0,0,0,0,0,0,0,0,NA,NA,0,58,NA,NA,NA,NA,NA
"7","2020-02-24T18:00:00","ITA",12,"Lazio",41.89277044,12.48366722,1,1,2,0,2,0,2,1,0,NA,NA,3,124,NA,NA,NA,NA,NA
"8","2020-02-24T18:00:00","ITA",7,"Liguria",44.41149315,8.9326992,0,0,0,0,0,0,0,0,0,NA,NA,0,1,NA,NA,NA,NA,NA
"9","2020-02-24T18:00:00","ITA",3,"Lombardia",45.46679409,9.190347404,76,19,95,71,166,0,166,0,6,NA,NA,172,1463,NA,NA,NA,NA,NA
"10","2020-02-24T18:00:00","ITA",11,"Marche",43.61675973,13.5188753,0,0,0,0,0,0,0,0,0,NA,NA,0,16,NA,NA,NA,NA,NA
"11","2020-02-24T18:00:00","ITA",14,"Molise",41.55774754,14.65916051,0,0,0,0,0,0,0,0,0,NA,NA,0,0,NA,NA,NA,NA,NA
"12","2020-02-24T18:00:00","ITA",21,"P.A. Bolzano",46.49933453,11.35662422,0,0,0,0,0,0,0,0,0,NA,NA,0,1,NA,NA,NA,NA,NA
"13","2020-02-24T18:00:00","ITA",22,"P.A. Trento",46.06893511,11.12123097,0,0,0,0,0,0,0,0,0,NA,NA,0,3,NA,NA,NA,NA,NA
"14","2020-02-24T18:00:00","ITA",1,"Piemonte",45.0732745,7.680687483,2,0,2,1,3,0,3,0,0,NA,NA,3,141,NA,NA,NA,NA,NA
"15","2020-02-24T18:00:00","ITA",16,"Puglia",41.12559576,16.86736689,0,0,0,0,0,0,0,0,0,NA,NA,0,0,NA,NA,NA,NA,NA
"16","2020-02-24T18:00:00","ITA",20,"Sardegna",39.21531192,9.110616306,0,0,0,0,0,0,0,0,0,NA,NA,0,1,NA,NA,NA,NA,NA
"17","2020-02-24T18:00:00","ITA",19,"Sicilia",38.11569725,13.3623567,0,0,0,0,0,0,0,0,0,NA,NA,0,5,NA,NA,NA,NA,NA
"18","2020-02-24T18:00:00","ITA",9,"Toscana",43.76923077,11.25588885,0,0,0,0,0,0,0,0,0,NA,NA,0,140,NA,NA,NA,NA,NA
"19","2020-02-24T18:00:00","ITA",10,"Umbria",43.10675841,12.38824698,0,0,0,0,0,0,0,0,0,NA,NA,0,0,NA,NA,NA,NA,NA
"20","2020-02-24T18:00:00","ITA",2,"Valle d'Aosta",45.73750286,7.320149366,0,0,0,0,0,0,0,0,0,NA,NA,0,7,NA,NA,NA,NA,NA
"21","2020-02-24T18:00:00","ITA",5,"Veneto",45.43490485,12.33845213,12,4,16,16,32,0,32,0,1,NA,NA,33,2200,NA,NA,NA,NA,NA